PType,PID,Timestamp,FrameNumber
H,0,3293.461,1
H,0,3297.563,2
H,0,3302.075,3
H,0,3306.18,4
H,0,3310.69,5
H,0,3314.793,6
H,0,3319.306,7
H,0,3323.415,8
H,0,3327.923,9
H,0,3332.028,10
H,0,3336.539,11
H,0,3340.644,12
H,0,3345.156,13
H,0,3349.26,14
H,0,3353.773,15
H,0,3357.876,16
H,0,3362.388,17
H,0,3366.495,18
H,0,3370.595,19
H,0,3375.107,20
H,0,3379.212,21
H,0,3383.725,22
H,0,3387.828,23
H,0,3392.339,24
H,0,3396.444,25
H,0,3400.955,26
H,0,3405.058,27
H,0,3409.571,28
H,0,3413.678,29
H,0,3418.188,30
H,0,3422.291,31
H,0,3426.804,32
H,0,3430.907,33
H,0,3435.012,34
H,0,3439.524,35
H,0,3443.63,36
H,0,3448.141,37
H,0,3452.243,38
H,0,3456.756,39
H,0,3460.86,40
H,0,3465.372,41
H,0,3469.476,42
H,0,3473.989,43
H,0,3478.093,44
H,0,3482.606,45
H,0,3486.708,46
H,0,3491.219,47
H,0,3495.327,48
H,0,3499.429,49
H,0,3503.941,50
H,0,3508.045,51
H,0,3512.558,52
H,0,3516.66,53
H,0,3521.171,54
H,0,3525.277,55
H,0,3529.789,56
H,0,3533.895,57
H,0,3538.405,58
H,0,3542.508,59
H,0,3547.021,60
H,0,3551.127,61
H,0,3555.638,62
H,0,3559.743,63
H,0,3563.845,64
H,0,3568.358,65
H,0,3572.461,66
H,0,3576.974,67
H,0,3581.081,68
H,0,3585.591,69
H,0,3589.694,70
H,0,3594.206,71
H,0,3598.309,72
H,0,3602.822,73
H,0,3606.926,74
H,0,3611.407,75
H,0,3615.543,76
H,0,3620.055,77
H,0,3624.159,78
H,0,3628.669,79
H,0,3632.774,80
H,0,3636.879,81
H,0,3641.39,82
H,0,3645.494,83
H,0,3650.007,84
H,0,3654.11,85
H,0,3658.622,86
H,0,3662.727,87
H,0,3667.24,88
H,0,3671.342,89
H,0,3675.855,90
H,0,3679.959,91
H,0,3684.47,92
H,0,3688.574,93
H,0,3693.086,94
H,0,3697.191,95
H,0,3701.298,96
H,0,3705.807,97
H,0,3709.911,98
H,0,3714.423,99
H,0,3718.528,100
H,0,3723.039,101
H,0,3727.145,102
H,0,3731.655,103
H,0,3735.758,104
H,0,3740.272,105
H,0,3744.38,106
H,0,3748.888,107
H,0,3752.993,108
H,0,3757.503,109
H,0,3761.608,110
H,0,3765.711,111
H,0,3770.223,112
H,0,3774.327,113
H,0,3778.84,114
H,0,3782.945,115
H,0,3787.456,116
H,0,3791.559,117
H,0,3796.072,118
H,0,3800.176,119
H,0,3804.687,120
H,0,3808.792,121
H,0,3813.305,122
H,0,3817.408,123
H,0,3821.92,124
H,0,3826.024,125
H,0,3830.127,126
H,0,3834.643,127
H,0,3838.745,128
H,0,3843.256,129
H,0,3847.361,130
H,0,3851.873,131
H,0,3855.975,132
H,0,3860.488,133
H,0,3864.592,134
H,0,3869.105,135
H,0,3873.208,136
H,0,3877.724,137
H,0,3881.824,138
H,0,3886.337,139
H,0,3890.44,140
H,0,3894.952,141
H,0,3899.058,142
H,0,3903.161,143
H,0,3907.672,144
H,0,3911.779,145
H,0,3916.288,146
H,0,3920.394,147
H,0,3924.905,148
H,0,3929.009,149
H,0,3933.522,150
H,0,3937.625,151
H,0,3942.137,152
H,0,3946.242,153
H,0,3950.754,154
H,0,3954.86,155
H,0,3959.37,156
H,0,3963.474,157
H,0,3967.577,158
H,0,3972.089,159
H,0,3976.193,160
H,0,3980.707,161
H,0,3984.81,162
H,0,3989.322,163
H,0,3993.425,164
H,0,3997.938,165
H,0,4002.044,166
H,0,4006.552,167
H,0,4010.658,168
H,0,4015.171,169
H,0,4019.274,170
H,0,4023.786,171
H,0,4027.889,172
H,0,4031.994,173
H,0,4036.506,174
H,0,4040.611,175
H,0,4045.122,176
H,0,4049.227,177
H,0,4053.739,178
H,0,4057.842,179
H,0,4062.353,180
H,0,4066.459,181
H,0,4070.971,182
H,0,4075.074,183
H,0,4079.586,184
H,0,4083.691,185
H,0,4088.203,186
H,0,4092.309,187
H,0,4096.411,188
H,0,4100.923,189
H,0,4105.026,190
H,0,4109.539,191
H,0,4113.643,192
H,0,4118.155,193
H,0,4122.262,194
H,0,4126.77,195
H,0,4130.875,196
H,0,4135.388,197
H,0,4139.491,198
H,0,4144.003,199
H,0,4148.108,200
H,0,4152.621,201
H,0,4156.722,202
H,0,4161.235,203
H,0,4165.34,204
H,0,4169.445,205
H,0,4173.954,206
H,0,4178.06,207
H,0,4182.571,208
H,0,4186.675,209
H,0,4191.188,210
H,0,4195.292,211
H,0,4199.803,212
H,0,4203.908,213
H,0,4208.422,214
H,0,4212.53,215
H,0,4217.036,216
H,0,4221.14,217
H,0,4225.651,218
H,0,4229.756,219
H,0,4233.861,220
H,0,4238.372,221
H,0,4242.476,222
H,0,4246.988,223
H,0,4251.091,224
H,0,4255.603,225
H,0,4259.708,226
H,0,4264.221,227
H,0,4268.325,228
H,0,4272.811,229
H,0,4276.915,230
H,0,4281.427,231
H,0,4285.53,232
H,0,4290.043,233
H,0,4294.149,234
H,0,4298.253,235
H,0,4302.765,236
H,0,4306.869,237
H,0,4311.383,238
H,0,4315.489,239
H,0,4320.007,240
H,0,4324.11,241
H,0,4328.621,242
H,0,4332.726,243
H,0,4337.238,244
H,0,4341.341,245
H,0,4345.853,246
H,0,4349.961,247
H,0,4354.475,248
H,0,4358.578,249
H,0,4362.683,250
H,0,4367.193,251
H,0,4371.285,252
H,0,4375.791,253
H,0,4379.896,254
H,0,4384.407,255
H,0,4388.51,256
H,0,4393.023,257
H,0,4397.124,258
H,0,4401.638,259
H,0,4405.744,260
H,0,4410.257,261
H,0,4414.362,262
H,0,4418.872,263
H,0,4423.0,264
H,0,4427.493,265
H,0,4431.612,266
H,0,4435.711,267
H,0,4440.224,268
H,0,4444.323,269
H,0,4448.839,270
H,0,4452.941,271
H,0,4457.455,272
H,0,4461.561,273
H,0,4466.073,274
H,0,4470.179,275
H,0,4474.69,276
H,0,4478.795,277
H,0,4483.31,278
H,0,4487.497,279
H,0,4491.899,280
H,0,4496.005,281
H,0,4500.109,282
H,0,4504.619,283
H,0,4508.724,284
H,0,4513.239,285
H,0,4517.344,286
H,0,4521.856,287
H,0,4525.96,288
H,0,4530.471,289
H,0,4534.574,290
H,0,4539.089,291
H,0,4543.192,292
H,0,4547.713,293
H,0,4551.818,294
H,0,4556.33,295
H,0,4560.434,296
H,0,4564.539,297
H,0,4569.051,298
H,0,4573.156,299
H,0,4577.668,300
H,0,4581.772,301
H,0,4586.284,302
H,0,4590.386,303
H,0,4594.898,304
H,0,4599.002,305
H,0,4603.515,306
H,0,4607.619,307
H,0,4612.131,308
H,0,4616.235,309
H,0,4620.749,310
H,0,4624.852,311
H,0,4628.957,312
H,0,4633.477,313
H,0,4637.577,314
H,0,4642.089,315
H,0,4646.193,316
H,0,4650.706,317
H,0,4654.809,318
H,0,4659.322,319
H,0,4663.426,320
H,0,4667.94,321
H,0,4672.043,322
H,0,4676.557,323
H,0,4680.661,324
H,0,4685.161,325
H,0,4689.282,326
H,0,4693.775,327
H,0,4697.877,328
H,0,4701.98,329
H,0,4706.49,330
H,0,4710.593,331
H,0,4715.117,332
H,0,4719.221,333
H,0,4723.733,334
H,0,4727.836,335
H,0,4732.35,336
H,0,4736.453,337
H,0,4740.964,338
H,0,4745.069,339
H,0,4749.579,340
H,0,4753.671,341
H,0,4758.183,342
H,0,4762.284,343
H,0,4766.406,344
H,0,4770.918,345
H,0,4775.019,346
H,0,4779.535,347
H,0,4783.635,348
H,0,4788.148,349
H,0,4792.25,350
H,0,4796.785,351
H,0,4800.889,352
H,0,4805.402,353
H,0,4809.506,354
H,0,4814.018,355
H,0,4818.122,356
H,0,4822.634,357
H,0,4826.738,358
H,0,4830.842,359
H,0,4835.355,360
H,0,4839.46,361
H,0,4843.971,362
H,0,4848.076,363
H,0,4852.587,364
H,0,4856.691,365
H,0,4861.202,366
H,0,4865.306,367
H,0,4869.819,368
H,0,4873.923,369
H,0,4878.434,370
H,0,4882.54,371
H,0,4887.054,372
H,0,4891.156,373
H,0,4895.259,374
H,0,4899.77,375
H,0,4903.877,376
H,0,4908.388,377
H,0,4912.491,378
H,0,4917.002,379
H,0,4921.114,380
H,0,4925.62,381
H,0,4929.723,382
H,0,4934.235,383
H,0,4938.339,384
H,0,4942.852,385
H,0,4946.958,386
H,0,4951.467,387
H,0,4955.573,388
H,0,4960.086,389
H,0,4964.192,390
H,0,4968.292,391
H,0,4972.803,392
H,0,4976.909,393
H,0,4981.42,394
H,0,4985.525,395
H,0,4990.037,396
H,0,4994.14,397
H,0,4998.651,398
H,0,5002.756,399
H,0,5007.268,400
H,0,5011.374,401
H,0,5015.885,402
H,0,5019.99,403
H,0,5024.502,404
H,0,5028.603,405
H,0,5032.709,406
H,0,5037.221,407
H,0,5041.325,408
H,0,5045.837,409
H,0,5049.94,410
H,0,5054.454,411
H,0,5058.558,412
H,0,5063.07,413
H,0,5067.173,414
H,0,5071.685,415
H,0,5075.789,416
H,0,5080.301,417
H,0,5084.406,418
H,0,5088.918,419
H,0,5093.023,420
H,0,5097.126,421
H,0,5101.637,422
H,0,5105.741,423
H,0,5110.254,424
H,0,5114.358,425
H,0,5118.87,426
H,0,5122.975,427
H,0,5127.48,428
H,0,5131.59,429
H,0,5136.101,430
H,0,5140.205,431
H,0,5144.716,432
H,0,5148.822,433
H,0,5153.334,434
H,0,5157.439,435
H,0,5161.542,436
H,0,5166.053,437
H,0,5170.158,438
H,0,5174.676,439
H,0,5178.773,440
H,0,5183.287,441
H,0,5187.391,442
H,0,5191.903,443
H,0,5196.006,444
H,0,5200.518,445
H,0,5204.623,446
H,0,5209.135,447
H,0,5213.238,448
H,0,5217.75,449
H,0,5221.856,450
H,0,5226.367,451
H,0,5230.472,452
H,0,5234.575,453
H,0,5239.086,454
H,0,5243.191,455
H,0,5247.703,456
H,0,5251.808,457
H,0,5256.318,458
H,0,5260.424,459
H,0,5264.936,460
H,0,5269.039,461
H,0,5273.55,462
H,0,5277.655,463
H,0,5282.167,464
H,0,5286.271,465
H,0,5290.783,466
H,0,5294.889,467
H,0,5298.994,468
H,0,5303.504,469
H,0,5307.607,470
H,0,5312.124,471
H,0,5316.224,472
H,0,5320.736,473
H,0,5324.84,474
H,0,5329.352,475
H,0,5333.455,476
H,0,5337.968,477
H,0,5342.075,478
H,0,5346.583,479
H,0,5350.688,480
H,0,5355.2,481
H,0,5359.304,482
H,0,5363.407,483
H,0,5367.92,484
H,0,5372.024,485
H,0,5376.537,486
H,0,5380.641,487
H,0,5385.156,488
H,0,5389.258,489
H,0,5393.768,490
H,0,5397.872,491
H,0,5402.384,492
H,0,5406.489,493
H,0,5411.001,494
H,0,5415.104,495
H,0,5419.616,496
H,0,5423.722,497
H,0,5427.825,498
H,0,5432.338,499
H,0,5436.44,500
H,0,5440.953,501
H,0,5445.057,502
H,0,5449.569,503
H,0,5453.673,504
H,0,5458.186,505
H,0,5462.29,506
H,0,5466.801,507
H,0,5470.905,508
H,0,5475.421,509
H,0,5479.522,510
H,0,5484.032,511
H,0,5488.139,512
H,0,5492.65,513
H,0,5496.754,514
H,0,5500.857,515
H,0,5505.369,516
H,0,5509.473,517
H,0,5513.985,518
H,0,5518.09,519
H,0,5522.601,520
H,0,5526.708,521
H,4,5531.218,522
H,7,5535.322,523
H,10,5539.833,524
H,13,5543.939,525
H,16,5548.45,526
H,19,5552.557,527
H,22,5557.066,528
H,25,5561.17,529
H,28,5565.273,530
H,31,5570.362,531
L,2,5575.828,532
H,34,5579.934,533
L,3,5584.037,534
H,37,5588.548,535
L,5,5592.655,536
H,40,5597.166,537
H,43,5601.269,538
L,6,5605.781,539
H,46,5609.885,540
L,8,5614.397,541
H,49,5618.501,542
H,52,5623.013,543
L,9,5627.118,544
H,55,5631.63,545
H,58,5635.737,546
L,11,5640.245,547
H,61,5644.35,548
L,12,5648.453,549
H,64,5652.967,550
H,67,5657.07,551
L,14,5661.583,552
H,70,5665.685,553
L,15,5670.197,554
H,73,5674.302,555
H,76,5678.814,556
L,17,5682.922,557
H,79,5687.431,558
H,82,5691.534,559
L,18,5696.047,560
H,85,5700.15,561
L,20,5704.73,562
H,88,5709.242,563
H,91,5713.346,564
L,21,5717.858,565
H,94,5721.964,566
H,97,5726.474,567
L,23,5730.58,568
H,100,5734.682,569
L,32,5739.193,570
H,103,5743.297,571
H,106,5747.811,572
L,35,5751.914,573
H,109,5756.426,574
L,38,5760.531,575
H,112,5765.047,576
H,115,5769.147,577
L,42,5773.658,578
H,118,5777.763,579
H,121,5782.274,580
L,47,5786.379,581
H,124,5790.891,582
H,127,5794.996,583
H,130,5799.099,584
L,51,5803.61,585
H,133,5807.714,586
H,136,5812.229,587
H,139,5816.332,588
H,142,5820.842,589
L,57,5824.948,590
H,145,5829.459,591
H,148,5833.563,592
H,151,5838.075,593
L,63,5842.179,594
H,154,5846.692,595
H,157,5850.796,596
H,160,5855.307,597
L,66,5859.411,598
H,163,5863.924,599
L,72,5868.484,600
H,166,5872.588,601
H,169,5876.686,602
L,75,5881.203,603
H,172,5885.309,604
L,81,5889.819,605
H,175,5893.924,606
L,87,5898.436,607
H,178,5902.54,608
L,90,5907.053,609
H,181,5911.157,610
H,184,5915.668,611
L,96,5919.771,612
H,187,5924.283,613
H,190,5928.387,614
L,101,5932.496,615
L,105,5937.004,616
H,193,5941.108,617
H,196,5945.621,618
L,111,5949.724,619
H,199,5954.236,620
L,116,5958.34,621
H,202,5962.852,622
H,205,5966.956,623
L,120,5971.467,624
H,208,5975.578,625
H,211,5980.086,626
L,126,5984.188,627
H,214,5988.694,628
H,217,5992.804,629
L,137,5996.909,630
H,220,6001.421,631
H,223,6005.526,632
L,149,6010.037,633
H,226,6014.139,634
L,156,6018.653,635
H,229,6022.757,636
H,232,6027.269,637
L,164,6031.374,638
H,235,6035.886,639
L,168,6039.99,640
H,238,6044.501,641
H,241,6048.604,642
L,173,6053.117,643
H,244,6057.221,644
L,176,6061.734,645
H,247,6065.838,646
H,250,6069.942,647
L,180,6074.455,648
H,253,6078.557,649
L,183,6083.069,650
H,256,6087.173,651
H,259,6091.687,652
L,189,6095.79,653
H,262,6100.302,654
H,265,6104.406,655
H,268,6108.917,656
L,194,6113.02,657
H,271,6117.533,658
H,274,6121.638,659
L,195,6126.149,660
H,277,6130.254,661
L,200,6134.357,662
H,280,6138.87,663
H,283,6142.976,664
H,286,6147.487,665
L,204,6151.59,666
H,289,6156.101,667
H,292,6160.206,668
H,295,6164.712,669
L,210,6168.822,670
H,298,6173.334,671
H,301,6177.439,672
L,215,6181.951,673
H,304,6186.059,674
L,222,6190.566,675
H,307,6194.671,676
H,310,6198.775,677
L,228,6203.287,678
H,313,6207.392,679
L,231,6211.903,680
H,316,6216.006,681
H,319,6220.518,682
L,237,6224.622,683
H,322,6229.139,684
L,240,6233.24,685
H,325,6237.751,686
H,328,6241.856,687
L,245,6246.367,688
H,331,6250.469,689
L,249,6254.983,690
H,334,6259.087,691
H,337,6263.196,692
L,254,6267.703,693
H,340,6271.808,694
L,258,6276.283,695
H,343,6280.385,696
L,264,6284.896,697
H,346,6289.001,698
H,349,6293.513,699
L,273,6297.617,700
H,352,6302.129,701
L,279,6306.233,702
H,355,6310.745,703
H,358,6314.849,704
L,284,6319.364,705
H,361,6323.495,706
H,364,6327.982,707
L,291,6332.093,708
H,367,6336.188,709
L,300,6340.699,710
H,370,6344.805,711
H,373,6349.317,712
L,305,6353.419,713
H,376,6357.931,714
H,379,6362.036,715
L,309,6366.549,716
H,382,6370.652,717
H,385,6375.165,718
L,315,6379.273,719
H,388,6383.781,720
L,318,6387.883,721
H,391,6392.396,722
H,394,6396.501,723
L,323,6400.604,724
H,397,6405.118,725
H,400,6409.222,726
L,327,6413.733,727
H,403,6417.838,728
L,332,6422.349,729
H,406,6426.452,730
H,409,6430.969,731
L,336,6435.074,732
H,412,6439.603,733
L,341,6443.687,734
H,415,6448.197,735
H,418,6452.301,736
L,344,6456.813,737
H,421,6460.916,738
H,424,6465.023,739
L,348,6469.535,740
H,427,6473.637,741
H,430,6478.15,742
L,353,6482.254,743
H,433,6486.772,744
H,436,6490.877,745
L,357,6495.471,746
H,439,6499.587,747
L,363,6503.998,748
H,442,6508.101,749
H,445,6512.614,750
L,369,6516.719,751
H,448,6521.23,752
L,372,6525.339,753
H,451,6529.439,754
H,454,6533.95,755
L,378,6538.055,756
H,457,6542.567,757
L,384,6546.671,758
H,460,6551.183,759
H,463,6555.288,760
L,390,6559.797,761
H,466,6563.903,762
L,393,6568.413,763
H,469,6572.518,764
H,472,6577.03,765
L,399,6581.135,766
H,475,6585.647,767
H,478,6589.75,768
L,404,6594.262,769
H,481,6598.367,770
L,408,6602.47,771
H,484,6606.982,772
H,487,6611.086,773
L,414,6615.598,774
H,490,6619.7,775
L,417,6624.214,776
H,493,6628.318,777
L,423,6632.831,778
H,496,6636.934,779
H,499,6641.452,780
L,429,6645.553,781
H,502,6650.064,782
L,435,6654.166,783
H,505,6658.681,784
L,440,6662.784,785
H,508,6666.888,786
L,444,6671.399,787
H,511,6675.503,788
H,514,6680.016,789
L,449,6684.121,790
H,517,6688.64,791
L,453,6692.742,792
H,520,6697.251,793
L,458,6701.364,794
H,523,6705.868,795
H,526,6709.972,796
L,462,6714.499,797
H,529,6718.6,798
H,532,6723.112,799
L,467,6727.215,800
H,535,6731.319,801
L,471,6735.832,802
H,538,6739.935,803
L,477,6744.448,804
H,541,6748.552,805
H,544,6753.049,806
L,483,6757.164,807
H,547,6761.683,808
L,486,6765.78,809
H,550,6770.295,810
H,553,6774.397,811
L,492,6778.908,812
H,556,6783.012,813
H,559,6787.615,814
H,562,6791.626,815
H,565,6795.755,816
L,495,6800.267,817
H,568,6804.372,818
H,571,6808.883,819
L,498,6812.988,820
H,574,6817.503,821
H,577,6821.602,822
L,503,6826.116,823
H,580,6830.222,824
H,583,6834.733,825
H,586,6838.835,826
L,506,6843.35,827
H,589,6847.452,828
H,592,6851.966,829
H,595,6856.067,830
H,598,6860.579,831
L,510,6864.685,832
H,601,6868.782,833
L,513,6873.3,834
H,604,6877.405,835
H,607,6881.916,836
H,610,6886.021,837
L,518,6890.534,838
H,613,6894.636,839
H,616,6899.149,840
L,521,6903.252,841
H,619,6907.764,842
L,525,6911.868,843
H,622,6916.38,844
H,625,6920.486,845
L,531,6924.997,846
H,628,6929.101,847
L,536,6933.205,848
H,631,6937.717,849
H,634,6941.821,850
L,539,6946.335,851
H,637,6950.438,852
H,640,6954.95,853
L,543,6959.052,854
H,643,6963.564,855
H,646,6967.669,856
L,548,6972.181,857
H,649,6976.285,858
H,652,6980.792,859
H,655,6984.902,860
H,658,6989.415,861
L,552,6993.517,862
H,661,6997.622,863
L,558,7002.135,864
H,664,7006.238,865
H,667,7010.75,866
H,670,7014.854,867
L,572,7019.366,868
H,673,7023.469,869
H,676,7027.985,870
L,576,7032.087,871
H,679,7036.598,872
H,682,7040.703,873
L,582,7045.216,874
H,685,7049.318,875
H,688,7053.832,876
L,593,7057.936,877
H,691,7062.038,878
L,603,7066.55,879
H,694,7070.654,880
H,697,7075.168,881
L,608,7079.27,882
H,700,7083.783,883
H,703,7087.889,884
L,615,7092.4,885
H,706,7096.502,886
L,620,7101.015,887
H,709,7105.119,888
H,712,7109.631,889
L,624,7113.735,890
H,715,7118.248,891
H,718,7122.351,892
H,721,7126.863,893
H,724,7130.969,894
H,727,7135.07,895
L,629,7139.583,896
H,730,7143.688,897
H,733,7148.199,898
H,736,7152.307,899
L,633,7156.809,900
H,739,7160.918,901
H,742,7165.431,902
L,638,7169.537,903
H,745,7174.049,904
H,748,7178.153,905
H,751,7182.664,906
H,754,7186.769,907
L,647,7191.28,908
H,757,7195.385,909
H,760,7199.488,910
H,763,7204.0,911
L,653,7208.103,912
H,766,7212.616,913
H,769,7216.72,914
H,772,7221.232,915
H,775,7225.337,916
L,662,7229.85,917
H,778,7233.953,918
H,781,7238.469,919
H,784,7242.569,920
L,668,7247.08,921
H,787,7251.184,922
H,790,7255.696,923
L,675,7259.801,924
H,793,7263.905,925
L,681,7268.417,926
H,796,7272.525,927
H,799,7277.033,928
H,802,7281.136,929
L,687,7285.649,930
H,805,7289.753,931
H,808,7294.265,932
H,811,7298.369,933
L,692,7302.881,934
H,814,7306.985,935
H,817,7311.497,936
H,820,7315.602,937
L,696,7320.113,938
H,823,7324.218,939
H,826,7328.322,940
L,702,7332.826,941
H,829,7336.937,942
H,832,7341.449,943
L,708,7345.553,944
H,835,7350.066,945
H,838,7354.171,946
H,841,7358.682,947
L,711,7362.787,948
H,844,7367.297,949
H,847,7371.402,950
L,719,7375.914,951
H,850,7380.018,952
H,853,7384.53,953
L,734,7388.634,954
H,856,7393.145,955
L,741,7397.248,956
H,859,7401.354,957
H,862,7405.87,958
L,749,7409.97,959
H,865,7414.481,960
L,761,7418.585,961
H,868,7423.099,962
H,871,7427.201,963
L,768,7431.714,964
H,874,7435.819,965
L,780,7440.33,966
H,877,7444.434,967
L,789,7448.946,968
H,880,7453.051,969
L,794,7457.562,970
H,883,7461.666,971
H,886,7465.772,972
H,889,7470.283,973
L,798,7474.386,974
H,892,7478.898,975
H,895,7483.009,976
L,807,7487.515,977
H,898,7491.617,978
L,818,7496.131,979
H,901,7500.234,980
H,904,7504.746,981
H,907,7508.851,982
H,910,7513.362,983
L,824,7517.468,984
H,913,7521.98,985
H,916,7526.086,986
H,919,7530.19,987
L,831,7534.698,988
H,922,7538.804,989
H,925,7543.315,990
L,839,7547.42,991
H,928,7551.931,992
H,931,7556.034,993
L,848,7560.546,994
H,934,7564.652,995
H,937,7569.163,996
L,852,7573.271,997
H,940,7577.781,998
H,943,7581.883,999
L,857,7586.396,1000
H,946,7590.498,1001
L,861,7594.604,1002
H,949,7599.116,1003
L,866,7603.22,1004
H,952,7607.732,1005
L,870,7611.835,1006
H,955,7616.351,1007
H,958,7620.451,1008
L,875,7624.963,1009
H,961,7629.067,1010
L,878,7633.58,1011
H,964,7637.684,1012
L,882,7642.198,1013
H,967,7646.3,1014
H,970,7650.811,1015
L,885,7654.917,1016
H,973,7659.432,1017
H,976,7663.531,1018
H,979,7667.636,1019
L,894,7672.148,1020
H,982,7676.252,1021
H,985,7680.764,1022
L,900,7684.869,1023
H,988,7689.38,1024
H,991,7693.491,1025
H,994,7697.996,1026
L,903,7702.1,1027
H,997,7706.613,1028
H,1000,7710.718,1029
L,915,7715.23,1030
H,1003,7719.332,1031
H,1006,7723.845,1032
L,924,7727.949,1033
H,1009,7732.054,1034
L,930,7736.565,1035
H,1012,7740.669,1036
H,1015,7745.181,1037
H,1018,7749.285,1038
L,936,7753.797,1039
H,1021,7757.901,1040
L,942,7762.412,1041
H,1024,7766.517,1042
H,1027,7771.03,1043
H,1030,7775.134,1044
L,948,7779.645,1045
H,1033,7783.749,1046
H,1036,7788.262,1047
H,1039,7792.366,1048
H,1042,7796.47,1049
L,950,7800.981,1050
H,1045,7805.086,1051
H,1048,7809.597,1052
L,954,7813.701,1053
H,1051,7818.213,1054
H,1054,7822.317,1055
H,1057,7826.832,1056
H,1060,7830.934,1057
L,957,7835.446,1058
H,1063,7839.55,1059
H,1066,7844.062,1060
H,1069,7848.166,1061
H,1072,7852.678,1062
H,1075,7856.782,1063
H,1078,7860.889,1064
L,962,7865.398,1065
H,1081,7869.502,1066
H,1084,7874.014,1067
H,1087,7878.119,1068
H,1090,7882.629,1069
H,1093,7886.735,1070
L,966,7891.247,1071
H,1096,7895.35,1072
H,1099,7899.862,1073
H,1102,7903.97,1074
L,969,7908.478,1075
H,1105,7912.584,1076
H,1108,7917.095,1077
L,975,7921.199,1078
H,1111,7925.71,1079
H,1114,7929.814,1080
L,986,7934.36,1081
H,1117,7938.465,1082
H,1120,7942.978,1083
L,990,7947.084,1084
H,1123,7951.593,1085
L,999,7955.696,1086
H,1126,7960.208,1087
L,1005,7964.314,1088
H,1129,7968.825,1089
L,1010,7972.93,1090
H,1132,7977.032,1091
L,1014,7981.544,1092
H,1135,7985.648,1093
L,1022,7990.165,1094
H,1138,7994.265,1095
L,1028,7998.778,1096
H,1141,8002.882,1097
H,1144,8007.394,1098
L,1037,8011.495,1099
H,1147,8016.009,1100
L,1049,8020.114,1101
H,1150,8024.625,1102
H,1153,8028.73,1103
L,1053,8033.242,1104
L,1067,8037.351,1105
H,1156,8041.449,1106
H,1159,8045.96,1107
H,1162,8050.067,1108
L,1085,8054.579,1109
H,1165,8058.682,1110
H,1168,8063.194,1111
L,1100,8067.298,1112
H,1171,8071.811,1113
L,1107,8075.916,1114
H,1174,8080.428,1115
H,1177,8084.529,1116
L,1113,8089.041,1117
H,1180,8093.147,1118
L,1119,8097.658,1119
H,1183,8101.763,1120
L,1124,8105.867,1121
H,1186,8110.379,1122
H,1189,8114.482,1123
L,1127,8118.995,1124
H,1192,8123.098,1125
L,1130,8127.61,1126
H,1195,8131.715,1127
H,1198,8136.227,1128
L,1133,8140.332,1129
H,1201,8144.843,1130
L,1137,8148.946,1131
H,1204,8153.458,1132
H,1207,8157.567,1133
L,1140,8162.075,1134
H,1210,8166.179,1135
L,1143,8170.691,1136
H,1213,8174.795,1137
L,1151,8178.898,1138
H,1216,8183.412,1139
H,1219,8187.514,1140
L,1152,8192.027,1141
H,1222,8196.131,1142
L,1157,8200.644,1143
H,1225,8204.749,1144
H,1228,8209.259,1145
L,1160,8213.364,1146
H,1231,8217.875,1147
L,1167,8221.981,1148
H,1234,8226.492,1149
H,1237,8230.596,1150
L,1173,8235.107,1151
H,1240,8239.212,1152
L,1176,8243.316,1153
H,1243,8247.831,1154
L,1181,8251.932,1155
H,1246,8256.445,1156
H,1249,8260.548,1157
L,1184,8265.059,1158
H,1252,8269.164,1159
H,1255,8273.676,1160
L,1188,8277.756,1161
H,1258,8282.268,1162
L,1193,8286.372,1163
H,1261,8290.886,1164
L,1197,8294.99,1165
H,1264,8299.504,1166
H,1267,8303.608,1167
L,1202,8307.713,1168
H,1270,8312.226,1169
L,1206,8316.328,1170
H,1273,8320.84,1171
L,1211,8324.958,1172
H,1276,8329.461,1173
L,1215,8333.567,1174
H,1279,8338.079,1175
H,1282,8342.184,1176
L,1218,8346.696,1177
H,1285,8350.798,1178
H,1288,8355.315,1179
L,1224,8359.416,1180
H,1291,8363.927,1181
L,1227,8368.033,1182
H,1294,8372.137,1183
L,1232,8376.634,1184
H,1297,8380.736,1185
H,1300,8385.247,1186
L,1236,8389.351,1187
L,1241,8393.863,1188
H,1303,8397.967,1189
H,1306,8402.48,1190
H,1309,8406.584,1191
L,1245,8411.099,1192
H,1312,8415.2,1193
L,1248,8419.71,1194
H,1315,8423.818,1195
H,1318,8428.327,1196
L,1254,8432.433,1197
H,1321,8436.965,1198
H,1324,8441.063,1199
L,1259,8445.168,1200
H,1327,8449.679,1201
L,1262,8453.782,1202
H,1330,8458.296,1203
H,1333,8462.4,1204
L,1266,8466.916,1205
H,1336,8471.018,1206
L,1271,8475.528,1207
H,1339,8479.633,1208
L,1274,8484.132,1209
H,1342,8488.232,1210
H,1345,8492.744,1211
L,1278,8496.847,1212
H,1348,8501.361,1213
H,1351,8505.464,1214
L,1281,8509.568,1215
H,1354,8514.081,1216
H,1357,8518.185,1217
L,1287,8522.696,1218
H,1360,8526.806,1219
L,1292,8531.316,1220
H,1363,8535.506,1221
H,1366,8539.927,1222
L,1296,8544.043,1223
H,1369,8548.555,1224
H,1372,8552.657,1225
L,1299,8557.168,1226
H,1375,8561.274,1227
H,1378,8565.786,1228
H,1381,8569.89,1229
H,1384,8573.998,1230
L,1304,8578.51,1231
H,1387,8582.612,1232
H,1390,8587.122,1233
H,1393,8591.228,1234
H,1396,8595.739,1235
H,1399,8599.842,1236
L,1307,8604.355,1237
H,1402,8608.458,1238
H,1405,8612.97,1239
H,1408,8617.075,1240
L,1314,8621.59,1241
H,1411,8625.692,1242
L,1317,8630.206,1243
H,1414,8634.317,1244
H,1417,8638.413,1245
L,1323,8642.932,1246
H,1420,8647.036,1247
H,1423,8651.543,1248
H,1426,8655.651,1249
H,1429,8660.163,1250
H,1432,8664.268,1251
L,1328,8668.78,1252
H,1435,8672.884,1253
H,1438,8677.399,1254
L,1332,8681.515,1255
H,1441,8686.032,1256
H,1444,8690.106,1257
L,1337,8694.619,1258
H,1447,8698.72,1259
H,1450,8703.236,1260
H,1453,8707.33,1261
H,1456,8711.498,1262
H,1459,8715.945,1263
L,1341,8720.048,1264
H,1462,8724.561,1265
H,1465,8728.664,1266
L,1344,8733.177,1267
H,1468,8737.282,1268
H,1471,8741.793,1269
H,1474,8745.908,1270
H,1477,8750.418,1271
L,1349,8754.529,1272
H,1480,8759.033,1273
L,1356,8763.131,1274
H,1483,8767.641,1275
H,1486,8771.743,1276
L,1362,8775.845,1277
H,1489,8780.379,1278
H,1492,8784.461,1279
L,1365,8788.974,1280
H,1495,8793.113,1281
L,1371,8797.625,1282
H,1498,8801.73,1283
H,1501,8806.241,1284
L,1379,8810.343,1285
H,1504,8814.858,1286
L,1391,8818.96,1287
H,1507,8823.475,1288
H,1510,8827.578,1289
L,1404,8832.089,1290
H,1513,8836.196,1291
L,1412,8840.297,1292
H,1516,8844.809,1293
H,1519,8848.914,1294
L,1416,8853.401,1295
H,1522,8857.53,1296
L,1424,8862.042,1297
H,1525,8866.145,1298
L,1437,8870.657,1299
H,1528,8874.763,1300
H,1531,8879.274,1301
L,1443,8883.377,1302
H,1534,8887.889,1303
L,1451,8891.994,1304
H,1537,8896.506,1305
L,1464,8900.611,1306
H,1540,8904.715,1307
H,1543,8909.227,1308
L,1472,8913.335,1309
H,1546,8917.842,1310
L,1481,8921.946,1311
H,1549,8926.458,1312
L,1485,8930.564,1313
H,1552,8935.075,1314
H,1555,8939.179,1315
L,1491,8943.691,1316
H,1558,8947.794,1317
L,1496,8952.306,1318
H,1561,8956.416,1319
H,1564,8960.923,1320
L,1500,8965.028,1321
H,1567,8969.54,1322
L,1505,8973.643,1323
H,1570,8977.746,1324
L,1509,8982.26,1325
H,1573,8986.362,1326
H,1576,8990.874,1327
L,1514,8994.981,1328
H,1579,8999.492,1329
L,1518,9003.594,1330
H,1582,9008.107,1331
H,1585,9012.21,1332
L,1523,9016.722,1333
H,1588,9020.827,1334
L,1527,9025.339,1335
H,1591,9029.443,1336
L,1530,9033.956,1337
H,1594,9038.06,1338
H,1597,9042.165,1339
L,1535,9046.677,1340
H,1600,9050.78,1341
L,1538,9055.292,1342
H,1603,9059.396,1343
L,1542,9063.907,1344
H,1606,9068.012,1345
L,1547,9072.523,1346
H,1609,9076.628,1347
H,1612,9081.14,1348
L,1550,9085.244,1349
H,1615,9089.76,1350
L,1554,9093.86,1351
H,1618,9098.372,1352
L,1559,9102.477,1353
H,1621,9106.58,1354
H,1624,9111.092,1355
L,1563,9115.196,1356
H,1627,9119.708,1357
L,1568,9123.815,1358
H,1630,9128.324,1359
H,1633,9132.429,1360
L,1572,9136.94,1361
H,1636,9141.045,1362
L,1575,9145.556,1363
H,1639,9149.661,1364
L,1580,9154.171,1365
H,1642,9158.276,1366
L,1584,9162.789,1367
H,1645,9166.898,1368
L,1589,9170.997,1369
H,1648,9175.508,1370
H,1651,9179.612,1371
L,1592,9184.124,1372
H,1654,9188.229,1373
H,1657,9192.743,1374
L,1596,9196.846,1375
H,1660,9201.357,1376
L,1601,9205.461,1377
H,1663,9209.972,1378
H,1666,9214.08,1379
L,1604,9218.588,1380
H,1669,9222.693,1381
H,1672,9227.205,1382
L,1608,9231.309,1383
H,1675,9235.821,1384
H,1678,9239.925,1385
L,1611,9244.03,1386
H,1681,9248.542,1387
L,1616,9252.645,1388
H,1684,9257.162,1389
H,1687,9261.261,1390
L,1620,9265.773,1391
H,1690,9269.877,1392
L,1623,9274.389,1393
H,1693,9278.493,1394
H,1696,9283.006,1395
L,1628,9287.11,1396
H,1699,9291.621,1397
H,1702,9295.725,1398
L,1632,9300.241,1399
H,1705,9304.343,1400
L,1637,9308.446,1401
H,1708,9312.958,1402
H,1711,9317.063,1403
L,1640,9321.573,1404
H,1714,9325.678,1405
H,1717,9330.191,1406
L,1643,9334.299,1407
H,1720,9338.806,1408
H,1723,9342.911,1409
H,1726,9347.424,1410
L,1646,9351.526,1411
H,1729,9356.037,1412
H,1732,9360.142,1413
H,1735,9364.655,1414
H,1738,9368.76,1415
H,1741,9372.863,1416
H,1744,9377.376,1417
H,1747,9381.479,1418
L,1650,9385.99,1419
H,1750,9390.094,1420
H,1753,9394.607,1421
L,1655,9398.712,1422
H,1756,9403.225,1423
H,1759,9407.326,1424
H,1762,9411.838,1425
H,1765,9415.944,1426
H,1768,9420.456,1427
L,1661,9424.559,1428
H,1771,9429.071,1429
H,1774,9433.176,1430
L,1665,9437.281,1431
H,1777,9441.791,1432
H,1780,9445.897,1433
L,1671,9450.409,1434
H,1783,9454.511,1435
H,1786,9459.023,1436
H,1789,9463.127,1437
H,1792,9467.639,1438
H,1795,9471.745,1439
H,1798,9476.256,1440
H,1801,9480.36,1441
H,1804,9484.874,1442
H,1807,9488.976,1443
L,1677,9493.487,1444
H,1810,9497.592,1445
H,1813,9502.104,1446
L,1682,9506.209,1447
H,1816,9510.313,1448
L,1686,9514.825,1449
H,1819,9518.928,1450
H,1822,9523.44,1451
L,1692,9527.545,1452
H,1825,9532.057,1453
H,1828,9536.161,1454
L,1695,9540.67,1455
H,1831,9544.78,1456
L,1701,9549.289,1457
H,1834,9553.391,1458
H,1837,9557.904,1459
L,1707,9562.009,1460
H,1840,9566.521,1461
L,1710,9570.626,1462
H,1843,9574.729,1463
H,1846,9579.24,1464
L,1716,9583.346,1465
H,1849,9587.858,1466
L,1722,9591.967,1467
H,1852,9596.475,1468
H,1855,9600.577,1469
L,1731,9605.089,1470
H,1858,9609.193,1471
L,1752,9613.705,1472
H,1861,9617.81,1473
H,1864,9622.321,1474
L,1758,9626.426,1475
H,1867,9630.937,1476
L,1773,9635.044,1477
L,1779,9639.145,1478
H,1870,9643.658,1479
H,1873,9647.764,1480
H,1876,9652.275,1481
L,1787,9656.377,1482
H,1879,9660.889,1483
L,1812,9664.994,1484
H,1882,9669.505,1485
H,1885,9673.611,1486
L,1817,9678.126,1487
H,1888,9682.227,1488
L,1823,9686.739,1489
H,1891,9690.842,1490
H,1894,9695.355,1491
L,1827,9699.457,1492
H,1897,9703.562,1493
L,1833,9708.074,1494
H,1900,9712.18,1495
H,1903,9716.685,1496
L,1836,9720.793,1497
H,1906,9725.305,1498
L,1841,9729.41,1499
H,1909,9733.923,1500
H,1912,9738.026,1501
L,1845,9742.54,1502
H,1915,9746.644,1503
H,1918,9751.155,1504
L,1851,9755.264,1505
H,1921,9759.769,1506
L,1854,9763.875,1507
H,1924,9768.387,1508
H,1927,9772.492,1509
L,1859,9776.595,1510
L,1863,9781.106,1511
H,1930,9785.212,1512
H,1933,9789.724,1513
H,1936,9793.828,1514
H,1939,9798.339,1515
H,1942,9802.442,1516
H,1945,9806.954,1517
L,1868,9811.059,1518
H,1948,9815.571,1519
L,1871,9819.677,1520
H,1951,9824.188,1521
H,1954,9828.291,1522
L,1874,9832.803,1523
H,1957,9836.907,1524
H,1960,9841.012,1525
L,1880,9845.525,1526
H,1963,9849.628,1527
L,1884,9854.14,1528
H,1966,9858.245,1529
H,1969,9862.756,1530
L,1889,9867.302,1531
H,1972,9871.407,1532
L,1893,9875.918,1533
H,1975,9880.021,1534
H,1978,9884.125,1535
L,1898,9888.637,1536
H,1981,9892.735,1537
L,1902,9897.254,1538
H,1984,9901.357,1539
H,1987,9905.87,1540
L,1907,9909.973,1541
H,1990,9914.486,1542
H,1993,9918.59,1543
L,1911,9923.101,1544
H,1996,9927.208,1545
H,1999,9931.723,1546
L,1917,9935.82,1547
H,2002,9940.333,1548
L,1922,9944.438,1549
H,2005,9948.543,1550
H,2008,9953.055,1551
H,2011,9957.158,1552
L,1926,9961.671,1553
H,2014,9965.777,1554
H,2017,9970.285,1555
L,1931,9974.39,1556
H,2020,9978.902,1557
H,2023,9983.007,1558
L,1934,9987.519,1559
H,2026,9991.623,1560
H,2029,9996.134,1561
L,1949,10000.238,1562
H,2032,10004.743,1563
H,2035,10008.855,1564
L,1952,10013.366,1565
H,2038,10017.471,1566
H,2041,10021.575,1567
L,1959,10026.086,1568
H,2044,10030.19,1569
H,2047,10034.702,1570
L,1964,10038.808,1571
H,2050,10043.32,1572
H,2053,10047.423,1573
L,1968,10051.938,1574
H,2056,10056.039,1575
H,2059,10060.552,1576
L,1974,10064.656,1577
H,2062,10069.168,1578
H,2065,10073.271,1579
L,1977,10077.784,1580
H,2068,10081.887,1581
H,2071,10085.992,1582
H,2074,10090.504,1583
H,2077,10094.608,1584
L,1982,10099.121,1585
H,2080,10103.223,1586
H,2083,10107.735,1587
H,2086,10111.84,1588
L,1986,10116.351,1589
H,2089,10120.454,1590
H,2092,10124.969,1591
L,1992,10129.073,1592
H,2095,10133.585,1593
H,2098,10137.687,1594
H,2101,10142.204,1595
H,2104,10146.303,1596
L,1998,10150.409,1597
H,2107,10154.921,1598
H,2110,10159.024,1599
H,2113,10163.537,1600
H,2116,10167.639,1601
L,2003,10172.152,1602
H,2119,10176.26,1603
L,2007,10180.761,1604
H,2122,10184.873,1605
L,2015,10189.384,1606
H,2125,10193.489,1607
H,2128,10198.001,1608
L,2022,10202.104,1609
H,2131,10206.615,1610
L,2028,10210.721,1611
H,2134,10214.825,1612
H,2137,10219.341,1613
H,2140,10223.446,1614
H,2143,10227.952,1615
L,2034,10232.056,1616
H,2146,10236.567,1617
H,2149,10240.673,1618
L,2040,10245.187,1619
H,2152,10249.289,1620
H,2155,10253.8,1621
L,2046,10257.904,1622
H,2158,10262.417,1623
L,2052,10266.521,1624
L,2058,10271.034,1625
H,2161,10275.137,1626
H,2164,10279.624,1627
L,2064,10283.731,1628
H,2167,10287.836,1629
L,2072,10292.348,1630
H,2170,10296.453,1631
L,2082,10300.965,1632
H,2173,10305.068,1633
H,2176,10309.581,1634
H,2179,10313.685,1635
L,2091,10318.198,1636
H,2182,10322.302,1637
H,2185,10326.815,1638
L,2097,10330.924,1639
H,2188,10335.436,1640
H,2191,10339.612,1641
H,2194,10344.049,1642
H,2197,10348.155,1643
L,2108,10352.26,1644
H,2200,10356.773,1645
L,2120,10360.878,1646
H,2203,10365.39,1647
H,2206,10369.494,1648
L,2124,10374.006,1649
H,2209,10378.097,1650
L,2127,10382.605,1651
H,2212,10386.708,1652
L,2132,10391.222,1653
H,2215,10395.323,1654
H,2218,10399.835,1655
L,2136,10403.938,1656
H,2221,10408.45,1657
H,2224,10412.555,1658
H,2227,10416.659,1659
L,2148,10421.172,1660
H,2230,10425.275,1661
L,2154,10429.815,1662
H,2233,10433.9,1663
L,2159,10438.405,1664
H,2236,10442.509,1665
H,2239,10447.022,1666
L,2162,10451.123,1667
H,2242,10455.634,1668
L,2165,10459.738,1669
H,2245,10464.251,1670
H,2248,10468.356,1671
L,2168,10472.871,1672
H,2251,10476.972,1673
L,2172,10481.077,1674
H,2254,10485.614,1675
H,2257,10489.692,1676
L,2177,10494.203,1677
H,2260,10498.306,1678
L,2184,10502.818,1679
H,2263,10506.922,1680
L,2190,10511.433,1681
H,2266,10515.546,1682
H,2269,10520.049,1683
L,2201,10524.161,1684
H,2272,10528.665,1685
L,2205,10532.772,1686
H,2275,10537.283,1687
L,2210,10541.393,1688
H,2278,10545.91,1689
H,2281,10550.015,1690
L,2214,10554.12,1691
H,2284,10558.632,1692
L,2217,10562.735,1693
H,2287,10567.248,1694
H,2290,10571.361,1695
L,2223,10575.863,1696
H,2293,10579.969,1697
H,2296,10584.481,1698
L,2231,10588.586,1699
H,2299,10593.096,1700
H,2302,10597.199,1701
H,2305,10601.713,1702
L,2235,10605.815,1703
H,2308,10610.33,1704
H,2311,10614.431,1705
L,2238,10618.536,1706
H,2314,10623.05,1707
H,2317,10627.154,1708
L,2243,10631.666,1709
H,2320,10635.782,1710
L,2247,10640.272,1711
H,2323,10644.372,1712
L,2253,10648.885,1713
H,2326,10652.992,1714
L,2256,10657.502,1715
H,2329,10661.606,1716
L,2262,10666.119,1717
H,2332,10670.225,1718
L,2265,10674.737,1719
H,2335,10678.841,1720
H,2338,10682.944,1721
L,2268,10687.616,1722
H,2341,10691.591,1723
H,2344,10696.072,1724
L,2274,10700.176,1725
H,2347,10704.689,1726
H,2350,10708.791,1727
H,2353,10713.302,1728
L,2277,10717.404,1729
H,2356,10721.916,1730
H,2359,10726.022,1731
L,2280,10730.535,1732
H,2362,10734.639,1733
H,2365,10739.153,1734
H,2368,10743.255,1735
H,2371,10747.499,1736
H,2374,10751.868,1737
H,2377,10755.986,1738
H,2380,10760.495,1739
L,2285,10764.592,1740
H,2383,10769.102,1741
H,2386,10773.202,1742
H,2389,10777.725,1743
H,2392,10781.82,1744
L,2289,10786.343,1745
H,2395,10790.45,1746
H,2398,10794.984,1747
L,2295,10799.088,1748
H,2401,10803.601,1749
H,2404,10807.707,1750
L,2301,10812.218,1751
H,2407,10816.322,1752
H,2410,10820.426,1753
L,2310,10824.937,1754
H,2413,10829.041,1755
H,2416,10833.553,1756
L,2316,10837.658,1757
H,2419,10842.17,1758
H,2422,10846.273,1759
L,2321,10850.787,1760
H,2425,10854.892,1761
H,2428,10859.4,1762
L,2324,10863.505,1763
H,2431,10868.017,1764
H,2434,10872.123,1765
L,2327,10876.635,1766
H,2437,10880.738,1767
L,2331,10884.835,1768
H,2440,10889.353,1769
H,2443,10893.458,1770
L,2334,10897.97,1771
H,2446,10902.074,1772
H,2449,10906.586,1773
L,2337,10910.69,1774
H,2452,10915.201,1775
H,2455,10919.306,1776
L,2343,10923.817,1777
H,2458,10927.924,1778
H,2461,10932.434,1779
L,2351,10936.538,1780
H,2464,10941.055,1781
H,2467,10945.153,1782
L,2358,10949.258,1783
H,2470,10953.771,1784
H,2473,10957.875,1785
L,2366,10962.386,1786
H,2476,10966.49,1787
L,2387,10971.002,1788
H,2479,10975.109,1789
H,2482,10979.62,1790
L,2397,10983.723,1791
H,2485,10988.234,1792
H,2488,10992.338,1793
L,2403,10996.845,1794
H,2491,11000.955,1795
L,2409,11005.467,1796
H,2494,11009.572,1797
H,2497,11013.674,1798
L,2415,11018.19,1799
H,2500,11022.291,1800
L,2421,11026.802,1801
H,2503,11030.907,1802
L,2427,11035.419,1803
H,2506,11039.524,1804
L,2433,11044.037,1805
H,2509,11048.139,1806
H,2512,11052.65,1807
L,2439,11056.754,1808
H,2515,11061.268,1809
L,2442,11065.372,1810
H,2518,11069.875,1811
L,2450,11073.988,1812
H,2521,11078.5,1813
L,2454,11082.602,1814
H,2524,11086.707,1815
L,2460,11091.22,1816
H,2527,11095.323,1817
L,2466,11099.835,1818
H,2530,11103.94,1819
L,2472,11108.452,1820
H,2533,11112.555,1821
H,2536,11117.066,1822
L,2477,11121.174,1823
H,2539,11125.685,1824
L,2481,11129.788,1825
H,2542,11134.3,1826
L,2487,11138.404,1827
H,2545,11142.916,1828
L,2493,11147.02,1829
H,2548,11151.125,1830
H,2551,11155.637,1831
L,2496,11159.741,1832
H,2554,11164.252,1833
L,2501,11168.356,1834
H,2557,11172.868,1835
H,2560,11176.973,1836
L,2505,11181.485,1837
H,2563,11185.593,1838
L,2508,11190.101,1839
H,2566,11194.204,1840
L,2511,11198.716,1841
H,2569,11202.82,1842
H,2572,11207.332,1843
L,2516,11211.534,1844
H,2575,11215.541,1845
L,2519,11220.053,1846
H,2578,11224.156,1847
L,2522,11228.673,1848
H,2581,11232.773,1849
H,2584,11237.285,1850
L,2526,11241.389,1851
H,2587,11245.901,1852
L,2529,11250.004,1853
H,2590,11254.517,1854
H,2593,11258.621,1855
L,2532,11263.132,1856
H,2596,11267.238,1857
L,2535,11271.749,1858
H,2599,11275.855,1859
H,2602,11279.956,1860
L,2540,11284.469,1861
H,2605,11288.573,1862
L,2543,11293.086,1863
H,2608,11297.191,1864
L,2546,11301.702,1865
H,2611,11305.806,1866
L,2550,11310.317,1867
H,2614,11314.421,1868
H,2617,11318.935,1869
L,2555,11323.037,1870
H,2620,11327.55,1871
H,2623,11331.653,1872
L,2559,11336.166,1873
H,2626,11340.27,1874
L,2564,11344.782,1875
H,2629,11348.886,1876
L,2567,11352.99,1877
H,2632,11357.501,1878
L,2571,11361.606,1879
H,2635,11366.119,1880
L,2576,11370.222,1881
H,2638,11374.735,1882
H,2641,11378.841,1883
L,2580,11383.351,1884
H,2644,11387.454,1885
H,2647,11391.965,1886
L,2583,11396.074,1887
H,2650,11400.582,1888
H,2653,11404.686,1889
H,2656,11409.199,1890
L,2589,11413.301,1891
H,2659,11417.407,1892
L,2592,11421.92,1893
H,2662,11426.022,1894
H,2665,11430.534,1895
H,2668,11434.64,1896
L,2598,11439.156,1897
H,2671,11443.255,1898
L,2601,11447.766,1899
H,2674,11451.871,1900
H,2677,11456.383,1901
L,2606,11460.487,1902
H,2680,11465.0,1903
L,2609,11469.103,1904
H,2683,11473.616,1905
L,2613,11477.72,1906
H,2686,11481.823,1907
L,2616,11486.338,1908
H,2689,11490.441,1909
L,2622,11494.952,1910
H,2692,11499.054,1911
H,2695,11503.568,1912
L,2627,11507.67,1913
H,2698,11512.183,1914
L,2630,11516.287,1915
H,2701,11520.8,1916
L,2634,11524.903,1917
H,2704,11529.421,1918
L,2637,11533.52,1919
H,2707,11538.031,1920
H,2710,11542.135,1921
L,2640,11546.239,1922
H,2713,11550.753,1923
H,2716,11554.856,1924
H,2719,11559.367,1925
L,2646,11563.473,1926
H,2722,11567.984,1927
H,2725,11572.088,1928
L,2652,11576.601,1929
H,2728,11580.704,1930
L,2661,11585.217,1931
H,2731,11589.32,1932
H,2734,11593.832,1933
H,2737,11597.937,1934
L,2666,11602.448,1935
H,2740,11606.557,1936
H,2743,11611.065,1937
H,2746,11615.168,1938
H,2749,11619.273,1939
H,2752,11623.784,1940
H,2755,11627.888,1941
L,2673,11632.4,1942
H,2758,11636.505,1943
H,2761,11641.018,1944
H,2764,11645.12,1945
H,2767,11649.637,1946
L,2676,11653.737,1947
H,2770,11658.249,1948
H,2773,11662.354,1949
L,2681,11666.865,1950
H,2776,11670.969,1951
H,2779,11675.481,1952
L,2684,11679.584,1953
H,2782,11683.689,1954
H,2785,11688.2,1955
L,2687,11692.306,1956
H,2788,11696.818,1957
H,2791,11700.921,1958
L,2691,11705.434,1959
H,2794,11709.537,1960
H,2797,11714.048,1961
H,2800,11718.153,1962
L,2694,11722.665,1963
H,2803,11726.77,1964
L,2699,11731.281,1965
H,2806,11735.385,1966
H,2809,11739.898,1967
H,2812,11744.002,1968
L,2702,11748.106,1969
H,2815,11752.617,1970
H,2818,11756.722,1971
L,2705,11761.233,1972
H,2821,11765.337,1973
H,2824,11769.849,1974
L,2709,11773.956,1975
H,2827,11778.467,1976
H,2830,11782.57,1977
L,2715,11787.081,1978
H,2833,11791.186,1979
H,2836,11795.699,1980
H,2839,11799.802,1981
L,2724,11804.314,1982
H,2842,11808.419,1983
H,2845,11812.521,1984
L,2729,11817.034,1985
H,2848,11821.138,1986
H,2851,11825.651,1987
L,2735,11829.756,1988
H,2854,11834.267,1989
H,2857,11838.371,1990
L,2744,11842.884,1991
H,2860,11846.986,1992
H,2863,11851.499,1993
L,2762,11855.602,1994
H,2866,11860.114,1995
H,2869,11864.219,1996
H,2872,11868.731,1997
L,2772,11872.835,1998
H,2875,11877.347,1999
H,2878,11881.45,2000
L,2780,11885.555,2001
H,2881,11890.067,2002
H,2884,11894.171,2003
L,2784,11898.751,2004
H,2887,11903.265,2005
H,2890,11907.367,2006
H,2893,11911.879,2007
L,2790,11915.984,2008
H,2896,11920.495,2009
H,2899,11924.598,2010
L,2798,11929.111,2011
H,2902,11933.216,2012
H,2905,11937.728,2013
H,2908,11941.832,2014
L,2804,11946.344,2015
H,2911,11950.448,2016
H,2914,11954.959,2017
L,2810,11959.062,2018
H,2917,11963.574,2019
H,2920,11967.68,2020
H,2923,11971.784,2021
L,2817,11976.295,2022
H,2926,11980.402,2023
H,2929,11984.912,2024
L,2823,11989.016,2025
H,2932,11993.531,2026
H,2935,11997.632,2027
L,2829,12002.144,2028
H,2938,12006.248,2029
H,2941,12010.76,2030
H,2944,12014.862,2031
L,2837,12019.375,2032
H,2947,12023.474,2033
H,2950,12027.992,2034
L,2844,12032.096,2035
H,2953,12036.2,2036
H,2956,12040.712,2037
L,2850,12044.816,2038
H,2959,12049.328,2039
H,2962,12053.433,2040
L,2856,12057.944,2041
H,2965,12062.048,2042
H,2968,12066.561,2043
L,2862,12070.666,2044
H,2971,12075.177,2045
H,2974,12079.281,2046
H,2977,12083.793,2047
L,2870,12087.898,2048
H,2980,12092.41,2049
H,2983,12096.513,2050
L,2877,12101.024,2051
H,2986,12105.128,2052
L,2883,12109.234,2053
H,2989,12113.75,2054
H,2992,12117.848,2055
L,2889,12122.361,2056
H,2995,12126.465,2057
L,2898,12130.976,2058
H,2998,12135.081,2059
L,2906,12139.594,2060
H,3001,12143.698,2061
L,2912,12148.21,2062
H,3004,12152.313,2063
L,2919,12156.831,2064
H,3007,12160.928,2065
L,2928,12165.441,2066
H,3010,12169.546,2067
L,2934,12173.65,2068
H,3013,12178.162,2069
L,2940,12182.265,2070
H,3016,12186.777,2071
H,3019,12190.885,2072
L,2949,12195.395,2073
H,3022,12199.498,2074
H,3025,12204.009,2075
L,2955,12208.115,2076
H,3028,12212.625,2077
H,3031,12216.73,2078
H,3034,12221.241,2079
L,2961,12225.346,2080
H,3037,12229.858,2081
H,3040,12233.963,2082
L,2967,12238.066,2083
H,3043,12242.578,2084
H,3046,12246.682,2085
L,2973,12251.193,2086
H,3049,12255.298,2087
H,3052,12259.812,2088
H,3055,12263.914,2089
L,2982,12268.426,2090
H,3058,12272.53,2091
L,2988,12277.042,2092
H,3061,12281.123,2093
L,2991,12285.635,2094
H,3064,12289.741,2095
L,2996,12294.255,2096
H,3067,12298.354,2097
L,2999,12302.459,2098
H,3070,12306.973,2099
L,3002,12311.076,2100
H,3073,12315.589,2101
L,3005,12319.694,2102
H,3076,12324.204,2103
H,3079,12328.32,2104
L,3008,12332.826,2105
H,3082,12336.928,2106
L,3011,12341.508,2107
H,3085,12346.021,2108
L,3015,12350.124,2109
H,3088,12354.637,2110
H,3091,12358.742,2111
L,3018,12363.257,2112
H,3094,12367.359,2113
H,3097,12371.873,2114
L,3024,12375.975,2115
H,3100,12380.487,2116
H,3103,12384.603,2117
H,3106,12389.102,2118
L,3030,12393.205,2119
H,3109,12397.31,2120
H,3112,12401.822,2121
L,3039,12405.923,2122
H,3115,12410.437,2123
H,3118,12414.543,2124
L,3045,12419.056,2125
H,3121,12423.162,2126
H,3124,12427.672,2127
H,3127,12431.776,2128
L,3051,12436.271,2129
H,3130,12440.377,2130
H,3133,12444.899,2131
L,3059,12448.986,2132
H,3136,12453.499,2133
H,3139,12457.601,2134
H,3142,12461.706,2135
L,3062,12466.219,2136
H,3145,12470.323,2137
L,3065,12474.835,2138
H,3148,12478.938,2139
L,3069,12483.451,2140
H,3151,12487.554,2141
L,3072,12492.079,2142
H,3154,12496.189,2143
H,3157,12500.69,2144
L,3075,12504.803,2145
L,3078,12509.304,2146
H,3160,12513.406,2147
L,3083,12517.921,2148
H,3163,12522.025,2149
H,3166,12526.128,2150
L,3086,12530.656,2151
H,3169,12534.758,2152
L,3090,12539.269,2153
H,3172,12543.359,2154
L,3096,12547.87,2155
H,3175,12551.977,2156
L,3102,12556.496,2157
H,3178,12560.602,2158
H,3181,12565.113,2159
H,3184,12569.217,2160
L,3111,12573.732,2161
H,3187,12577.832,2162
H,3190,12582.347,2163
L,3117,12586.453,2164
H,3193,12590.965,2165
L,3125,12595.069,2166
H,3196,12599.172,2167
H,3199,12603.682,2168
H,3202,12607.786,2169
L,3132,12612.298,2170
H,3205,12616.401,2171
H,3208,12620.914,2172
H,3211,12625.018,2173
L,3140,12629.532,2174
H,3214,12633.635,2175
H,3217,12638.148,2176
L,3146,12642.265,2177
H,3220,12646.756,2178
H,3223,12650.858,2179
H,3226,12655.368,2180
L,3149,12659.472,2181
H,3229,12663.577,2182
H,3232,12668.089,2183
L,3153,12672.194,2184
H,3235,12676.706,2185
H,3238,12680.81,2186
L,3156,12685.322,2187
H,3241,12689.425,2188
H,3244,12693.96,2189
H,3247,12698.043,2190
L,3161,12702.554,2191
H,3250,12706.667,2192
H,3253,12711.17,2193
L,3162,12715.272,2194
H,3256,12719.783,2195
H,3259,12723.885,2196
L,3165,12727.989,2197
H,3262,12732.501,2198
L,3170,12736.606,2199
H,3265,12741.118,2200
H,3268,12745.22,2201
H,3271,12749.734,2202
L,3173,12753.839,2203
H,3274,12758.349,2204
H,3277,12762.453,2205
L,3176,12766.982,2206
H,3280,12771.08,2207
H,3283,12775.646,2208
L,3180,12779.685,2209
H,3286,12784.198,2210
H,3289,12788.313,2211
H,3292,12792.406,2212
L,3189,12796.916,2213
H,3295,12801.045,2214
H,3298,12805.569,2215
L,3195,12809.663,2216
H,3301,12814.187,2217
H,3304,12818.29,2218
L,3200,12822.801,2219
H,3307,12826.904,2220
H,3310,12831.417,2221
L,3209,12835.521,2222
H,3313,12840.033,2223
H,3316,12844.138,2224
H,3319,12848.65,2225
L,3216,12852.746,2226
H,3322,12857.265,2227
H,3325,12861.369,2228
L,3222,12865.474,2229
H,3328,12869.986,2230
H,3331,12874.09,2231
L,3231,12878.602,2232
H,3334,12882.706,2233
H,3337,12887.217,2234
H,3340,12891.32,2235
L,3237,12895.835,2236
H,3343,12899.938,2237
H,3346,12904.451,2238
L,3245,12908.562,2239
H,3349,12913.067,2240
H,3352,12917.171,2241
L,3252,12921.685,2242
H,3355,12925.788,2243
H,3358,12929.891,2244
L,3258,12934.403,2245
H,3361,12938.508,2246
H,3364,12943.019,2247
L,3264,12947.123,2248
H,3367,12951.636,2249
L,3267,12955.739,2250
H,3370,12960.252,2251
L,3276,12964.355,2252
H,3373,12968.866,2253
L,3282,12972.971,2254
H,3376,12977.484,2255
L,3288,12981.589,2256
H,3379,12986.101,2257
L,3297,12990.204,2258
H,3382,12994.308,2259
L,3303,12998.818,2260
H,3385,13002.924,2261
L,3309,13007.435,2262
H,3388,13011.541,2263
H,3391,13016.053,2264
L,3317,13020.156,2265
L,3324,13024.667,2266
H,3394,13028.765,2267
H,3397,13033.284,2268
H,3400,13037.389,2269
H,3403,13041.901,2270
L,3330,13046.005,2271
H,3406,13050.517,2272
L,3336,13054.62,2273
H,3409,13058.725,2274
L,3345,13063.236,2275
H,3412,13067.341,2276
L,3351,13071.852,2277
H,3415,13075.963,2278
L,3357,13080.469,2279
H,3418,13084.573,2280
L,3363,13089.084,2281
H,3421,13093.189,2282
L,3368,13097.7,2283
H,3424,13101.805,2284
L,3371,13106.316,2285
H,3427,13110.421,2286
L,3374,13114.932,2287
H,3430,13119.039,2288
H,3433,13123.549,2289
L,3378,13127.654,2290
H,3436,13131.757,2291
L,3381,13136.268,2292
H,3439,13140.373,2293
L,3384,13144.887,2294
H,3442,13148.99,2295
L,3387,13153.502,2296
H,3445,13157.605,2297
L,3390,13162.117,2298
H,3448,13166.221,2299
H,3451,13170.733,2300
L,3395,13174.837,2301
H,3454,13179.35,2302
H,3457,13183.453,2303
L,3398,13187.966,2304
H,3460,13192.07,2305
H,3463,13196.173,2306
L,3407,13200.685,2307
H,3466,13204.783,2308
H,3469,13209.302,2309
L,3410,13213.406,2310
H,3472,13217.917,2311
H,3475,13222.022,2312
H,3478,13226.534,2313
L,3414,13230.637,2314
H,3481,13235.15,2315
H,3484,13239.254,2316
L,3417,13243.766,2317
H,3487,13247.87,2318
H,3490,13252.382,2319
L,3420,13256.486,2320
H,3493,13260.589,2321
H,3496,13265.102,2322
L,3423,13269.206,2323
H,3499,13273.718,2324
H,3502,13277.821,2325
H,3505,13282.333,2326
L,3426,13286.441,2327
H,3508,13290.951,2328
H,3511,13295.055,2329
L,3429,13299.568,2330
H,3514,13303.672,2331
L,3432,13308.182,2332
H,3517,13312.287,2333
H,3520,13316.791,2334
L,3437,13320.902,2335
H,3523,13325.008,2336
H,3526,13329.525,2337
L,3440,13333.623,2338
H,3529,13338.136,2339
H,3532,13342.238,2340
L,3443,13346.75,2341
H,3535,13350.855,2342
H,3538,13355.367,2343
L,3447,13359.472,2344
H,3541,13363.983,2345
H,3544,13368.088,2346
H,3547,13372.6,2347
L,3450,13376.708,2348
H,3550,13381.215,2349
H,3553,13385.318,2350
L,3456,13389.831,2351
H,3556,13393.935,2352
H,3559,13398.039,2353
L,3462,13402.551,2354
H,3562,13406.656,2355
H,3565,13411.168,2356
L,3468,13415.271,2357
H,3568,13419.784,2358
H,3571,13423.887,2359
L,3474,13428.4,2360
H,3574,13432.503,2361
H,3577,13437.015,2362
L,3483,13441.12,2363
H,3580,13445.632,2364
H,3583,13449.735,2365
H,3586,13454.247,2366
L,3489,13458.352,2367
H,3589,13462.457,2368
H,3592,13466.969,2369
L,3495,13471.073,2370
H,3595,13475.584,2371
H,3598,13479.688,2372
L,3501,13484.199,2373
H,3601,13488.304,2374
H,3604,13492.809,2375
L,3510,13496.926,2376
H,3607,13501.433,2377
H,3610,13505.537,2378
H,3613,13510.048,2379
L,3516,13514.152,2380
H,3616,13518.664,2381
H,3619,13522.769,2382
L,3519,13526.872,2383
H,3622,13531.386,2384
H,3625,13535.489,2385
L,3525,13540.004,2386
H,3628,13544.104,2387
H,3631,13548.616,2388
H,3634,13552.721,2389
L,3531,13557.234,2390
H,3637,13561.337,2391
H,3640,13565.852,2392
L,3537,13569.953,2393
H,3643,13574.466,2394
H,3646,13578.57,2395
L,3543,13583.083,2396
H,3649,13587.185,2397
H,3652,13591.289,2398
L,3552,13595.801,2399
H,3655,13599.905,2400
H,3658,13604.417,2401
H,3661,13608.522,2402
L,3558,13613.034,2403
H,3664,13617.138,2404
L,3564,13621.649,2405
H,3667,13625.754,2406
H,3670,13630.265,2407
L,3570,13634.371,2408
H,3673,13638.882,2409
H,3676,13642.986,2410
L,3576,13647.498,2411
H,3679,13651.601,2412
H,3682,13656.114,2413
L,3582,13660.217,2414
H,3685,13664.323,2415
H,3688,13668.828,2416
H,3691,13672.939,2417
L,3591,13677.451,2418
H,3694,13681.553,2419
H,3697,13686.066,2420
L,3597,13690.17,2421
H,3700,13694.682,2422
H,3703,13698.787,2423
L,3603,13703.299,2424
H,3706,13707.409,2425
H,3709,13711.915,2426
H,3712,13716.017,2427
L,3611,13720.53,2428
H,3715,13724.635,2429
H,3718,13728.738,2430
L,3618,13733.251,2431
H,3721,13737.353,2432
H,3724,13741.867,2433
L,3624,13745.97,2434
H,3727,13750.483,2435
H,3730,13754.589,2436
L,3630,13759.098,2437
H,3733,13763.204,2438
H,3736,13767.715,2439
H,3739,13771.819,2440
L,3639,13776.332,2441
H,3742,13780.435,2442
H,3745,13784.948,2443
L,3645,13789.052,2444
H,3748,13793.155,2445
H,3751,13797.669,2446
L,3651,13801.771,2447
H,3754,13806.283,2448
H,3757,13810.388,2449
H,3760,13814.899,2450
L,3657,13819.004,2451
H,3763,13823.515,2452
H,3766,13827.619,2453
L,3665,13832.131,2454
H,3769,13836.237,2455
H,3772,13840.749,2456
L,3669,13844.855,2457
H,3775,13849.364,2458
L,3675,13853.467,2459
H,3778,13857.572,2460
L,3681,13862.084,2461
H,3781,13866.188,2462
L,3689,13870.7,2463
H,3784,13874.807,2464
L,3696,13879.385,2465
L,3702,13883.898,2466
H,3787,13888.0,2467
L,3710,13892.512,2468
H,3790,13896.616,2469
L,3717,13901.128,2470
H,3793,13905.233,2471
L,3723,13909.744,2472
H,3796,13913.849,2473
L,3729,13918.361,2474
H,3799,13922.464,2475
L,3737,13926.975,2476
H,3802,13931.08,2477
L,3744,13935.592,2478
H,3805,13939.697,2479
L,3750,13944.209,2480
L,3756,13948.313,2481
H,3808,13952.416,2482
L,3765,13956.929,2483
H,3811,13961.034,2484
L,3771,13965.543,2485
H,3814,13969.649,2486
H,3817,13974.161,2487
H,3820,13978.267,2488
L,3776,13982.777,2489
H,3823,13986.881,2490
H,3826,13991.392,2491
H,3829,13995.497,2492
L,3779,14000.008,2493
H,3832,14004.113,2494
H,3835,14008.624,2495
L,3782,14012.729,2496
H,3838,14016.832,2497
H,3841,14021.345,2498
L,3785,14025.451,2499
H,3844,14029.963,2500
H,3847,14034.065,2501
L,3788,14038.577,2502
H,3850,14042.681,2503
H,3853,14047.199,2504
H,3856,14051.296,2505
L,3789,14055.81,2506
H,3859,14059.914,2507
H,3862,14064.426,2508
L,3792,14068.531,2509
H,3865,14073.034,2510
H,3868,14077.146,2511
L,3794,14081.25,2512
H,3871,14085.761,2513
H,3874,14089.866,2514
L,3797,14094.378,2515
H,3877,14098.481,2516
H,3880,14102.993,2517
L,3800,14107.098,2518
H,3883,14111.61,2519
H,3886,14115.714,2520
H,3889,14120.226,2521
L,3803,14124.33,2522
H,3892,14128.842,2523
H,3895,14132.946,2524
L,3806,14137.461,2525
H,3898,14141.562,2526
H,3901,14146.074,2527
L,3809,14150.177,2528
H,3904,14154.281,2529
H,3907,14158.794,2530
L,3810,14162.898,2531
H,3910,14167.41,2532
H,3913,14171.517,2533
H,3916,14176.027,2534
L,3813,14180.13,2535
H,3919,14184.642,2536
H,3922,14188.746,2537
L,3818,14193.258,2538
H,3925,14197.363,2539
H,3928,14201.875,2540
L,3827,14205.979,2541
H,3931,14210.49,2542
H,3934,14214.601,2543
L,3834,14218.698,2544
H,3937,14223.21,2545
H,3940,14227.315,2546
L,3840,14231.828,2547
H,3943,14235.93,2548
H,3946,14240.444,2549
H,3949,14244.546,2550
L,3846,14249.058,2551
H,3952,14253.164,2552
H,3955,14257.679,2553
L,3852,14261.779,2554
H,3958,14266.291,2555
H,3961,14270.395,2556
L,3861,14274.907,2557
H,3964,14279.01,2558
H,3967,14283.091,2559
L,3867,14287.604,2560
H,3970,14291.71,2561
H,3973,14296.223,2562
H,3976,14300.325,2563
L,3873,14304.838,2564
H,3979,14308.942,2565
H,3982,14313.456,2566
L,3881,14317.559,2567
H,3985,14322.071,2568
H,3988,14326.176,2569
L,3887,14330.678,2570
H,3991,14334.78,2571
H,3994,14339.292,2572
L,3894,14343.396,2573
H,3997,14347.497,2574
H,4000,14352.01,2575
L,3900,14356.115,2576
H,4003,14360.628,2577
H,4006,14364.733,2578
L,3906,14369.247,2579
H,4009,14373.35,2580
H,4012,14377.863,2581
L,3912,14381.972,2582
H,4015,14386.477,2583
L,3921,14390.577,2584
H,4018,14395.088,2585
L,3927,14399.194,2586
H,4021,14403.705,2587
L,3933,14407.81,2588
H,4024,14412.322,2589
H,4027,14416.423,2590
L,3939,14420.53,2591
H,4030,14425.042,2592
L,3945,14429.146,2593
H,4033,14433.686,2594
L,3953,14437.774,2595
H,4036,14442.292,2596
L,3960,14446.398,2597
H,4039,14450.911,2598
L,3966,14455.014,2599
H,4042,14459.511,2600
L,3974,14463.629,2601
H,4045,14468.141,2602
H,4048,14472.246,2603
L,3981,14476.76,2604
H,4051,14480.865,2605
H,4054,14484.968,2606
H,4057,14489.475,2607
L,3987,14493.566,2608
H,4060,14498.077,2609
H,4063,14502.182,2610
L,3993,14506.695,2611
H,4066,14510.804,2612
H,4069,14515.314,2613
L,3999,14519.488,2614
H,4072,14523.928,2615
H,4075,14528.041,2616
L,4005,14532.542,2617
H,4078,14536.645,2618
H,4081,14541.157,2619
H,4084,14545.264,2620
L,4013,14549.375,2621
H,4087,14553.887,2622
H,4090,14557.991,2623
L,4017,14562.504,2624
H,4093,14566.608,2625
H,4096,14571.121,2626
L,4020,14575.225,2627
H,4099,14579.736,2628
L,4023,14583.84,2629
H,4102,14588.352,2630
H,4105,14592.457,2631
L,4026,14596.969,2632
H,4108,14601.073,2633
H,4111,14605.585,2634
L,4031,14609.688,2635
H,4114,14613.791,2636
H,4117,14618.304,2637
L,4034,14622.409,2638
H,4120,14626.923,2639
H,4123,14631.028,2640
H,4126,14635.538,2641
L,4037,14639.658,2642
H,4129,14644.158,2643
H,4132,14648.26,2644
L,4040,14652.773,2645
H,4135,14656.88,2646
H,4138,14661.393,2647
L,4043,14665.496,2648
H,4141,14670.011,2649
H,4144,14674.114,2650
L,4047,14678.627,2651
H,4147,14682.732,2652
H,4150,14686.835,2653
L,4055,14691.348,2654
H,4153,14695.482,2655
H,4156,14699.947,2656
H,4159,14704.059,2657
L,4062,14708.56,2658
H,4162,14712.665,2659
H,4165,14717.176,2660
L,4068,14721.289,2661
H,4168,14725.802,2662
H,4171,14729.906,2663
L,4074,14734.42,2664
H,4174,14738.524,2665
H,4177,14743.038,2666
L,4082,14747.141,2667
H,4180,14751.23,2668
H,4183,14755.749,2669
L,4089,14759.855,2670
H,4186,14764.37,2671
H,4189,14768.472,2672
L,4095,14772.987,2673
H,4192,14777.087,2674
H,4195,14781.599,2675
H,4198,14785.702,2676
L,4100,14790.202,2677
H,4201,14794.316,2678
H,4204,14798.835,2679
L,4104,14802.938,2680
H,4207,14807.505,2681
L,4110,14811.572,2682
H,4210,14815.679,2683
H,4213,14820.19,2684
L,4116,14824.295,2685
H,4216,14828.808,2686
H,4219,14832.912,2687
L,4122,14837.425,2688
H,4222,14841.528,2689
H,4225,14846.04,2690
L,4131,14850.145,2691
H,4228,14854.656,2692
H,4231,14858.76,2693
L,4136,14863.272,2694
H,4234,14867.376,2695
H,4237,14871.889,2696
H,4240,14875.992,2697
L,4142,14880.098,2698
H,4243,14884.61,2699
H,4246,14888.713,2700
L,4149,14893.225,2701
H,4249,14897.328,2702
H,4252,14901.84,2703
L,4155,14905.946,2704
H,4255,14910.457,2705
H,4258,14914.562,2706
L,4164,14919.074,2707
H,4261,14923.175,2708
L,4170,14927.689,2709
H,4264,14931.793,2710
L,4176,14936.304,2711
H,4267,14940.41,2712
L,4182,14944.922,2713
H,4270,14949.026,2714
L,4188,14953.128,2715
H,4273,14957.641,2716
L,4194,14961.746,2717
H,4276,14966.258,2718
L,4203,14970.362,2719
L,4208,14974.874,2720
H,4279,14978.979,2721
L,4212,14983.49,2722
H,4282,14987.592,2723
L,4218,14992.104,2724
H,4285,14996.21,2725
L,4224,15000.721,2726
H,4288,15004.825,2727
L,4230,15009.339,2728
L,4238,15013.442,2729
H,4291,15017.545,2730
L,4244,15022.056,2731
H,4294,15026.163,2732
H,4297,15030.674,2733
L,4251,15034.779,2734
H,4300,15039.291,2735
L,4257,15043.394,2736
H,4303,15047.906,2737
H,4306,15052.011,2738
L,4262,15056.528,2739
H,4309,15060.626,2740
H,4312,15065.138,2741
L,4265,15069.243,2742
H,4315,15073.754,2743
H,4318,15077.858,2744
H,4321,15081.963,2745
L,4269,15086.475,2746
H,4324,15090.581,2747
L,4271,15095.09,2748
H,4327,15099.194,2749
H,4330,15103.706,2750
H,4333,15107.811,2751
L,4274,15112.322,2752
H,4336,15116.427,2753
H,4339,15120.94,2754
L,4277,15125.043,2755
H,4342,15129.555,2756
H,4345,15133.659,2757
L,4280,15138.171,2758
H,4348,15142.276,2759
H,4351,15146.38,2760
L,4281,15150.891,2761
H,4354,15154.995,2762
H,4357,15159.508,2763
L,4283,15163.612,2764
H,4360,15168.124,2765
H,4363,15172.228,2766
H,4366,15176.739,2767
L,4286,15180.847,2768
H,4369,15185.356,2769
H,4372,15189.459,2770
L,4289,15193.971,2771
H,4375,15198.076,2772
H,4378,15202.589,2773
L,4292,15206.692,2774
H,4381,15211.204,2775
H,4384,15215.308,2776
L,4293,15219.413,2777
H,4387,15223.926,2778
H,4390,15228.029,2779
L,4296,15232.54,2780
H,4393,15236.644,2781
H,4396,15241.155,2782
L,4301,15245.261,2783
H,4399,15249.772,2784
H,4402,15253.878,2785
H,4405,15258.389,2786
L,4305,15262.492,2787
H,4408,15267.006,2788
H,4411,15271.109,2789
L,4311,15275.62,2790
H,4414,15279.725,2791
H,4417,15283.829,2792
L,4317,15288.341,2793
H,4420,15292.445,2794
H,4423,15296.956,2795
H,4426,15301.065,2796
L,4325,15305.572,2797
H,4429,15309.678,2798
L,4331,15314.191,2799
H,4432,15318.293,2800
H,4435,15322.805,2801
H,4438,15326.908,2802
L,4338,15331.42,2803
H,4441,15335.526,2804
H,4444,15340.038,2805
L,4344,15344.141,2806
H,4447,15348.248,2807
H,4450,15352.758,2808
L,4350,15356.86,2809
H,4453,15361.372,2810
H,4456,15365.478,2811
L,4356,15369.991,2812
H,4459,15374.093,2813
H,4462,15378.606,2814
H,4465,15382.711,2815
L,4362,15387.222,2816
H,4468,15391.329,2817
H,4471,15395.838,2818
L,4371,15399.941,2819
H,4474,15404.455,2820
H,4477,15408.557,2821
L,4377,15412.661,2822
H,4480,15417.175,2823
H,4483,15421.28,2824
L,4383,15425.791,2825
H,4486,15429.894,2826
H,4489,15434.412,2827
L,4389,15438.509,2828
H,4492,15443.023,2829
H,4495,15447.126,2830
L,4397,15451.638,2831
H,4498,15455.742,2832
H,4501,15460.256,2833
H,4504,15464.359,2834
L,4403,15468.87,2835
H,4507,15472.974,2836
H,4510,15477.49,2837
L,4410,15481.591,2838
H,4513,15485.695,2839
H,4516,15490.209,2840
L,4416,15494.311,2841
H,4519,15498.822,2842
H,4522,15502.926,2843
L,4424,15507.439,2844
H,4525,15511.545,2845
H,4528,15516.056,2846
L,4431,15520.159,2847
H,4531,15524.672,2848
H,4534,15528.775,2849
H,4537,15533.287,2850
L,4436,15537.392,2851
H,4540,15541.903,2852
H,4543,15546.007,2853
L,4443,15550.112,2854
H,4546,15554.623,2855
H,4549,15558.727,2856
L,4449,15563.239,2857
H,4552,15567.344,2858
H,4555,15571.855,2859
L,4455,15575.959,2860
H,4558,15580.472,2861
H,4561,15584.576,2862
L,4463,15589.088,2863
H,4564,15593.191,2864
H,4567,15597.703,2865
L,4470,15601.81,2866
L,4476,15606.32,2867
H,4570,15610.423,2868
L,4482,15614.528,2869
H,4573,15619.041,2870
L,4488,15623.144,2871
H,4576,15627.657,2872
L,4494,15631.76,2873
H,4579,15636.271,2874
L,4500,15640.376,2875
H,4582,15644.891,2876
L,4509,15648.992,2877
H,4585,15653.504,2878
L,4515,15657.608,2879
L,4521,15662.12,2880
H,4588,15666.224,2881
L,4527,15670.736,2882
H,4591,15674.84,2883
L,4533,15678.95,2884
H,4594,15683.456,2885
L,4542,15687.56,2886
H,4597,15692.072,2887
H,4600,15696.177,2888
L,4548,15700.682,2889
H,4603,15704.795,2890
L,4553,15709.306,2891
H,4606,15713.409,2892
H,4609,15717.921,2893
H,4612,15722.024,2894
L,4560,15726.536,2895
H,4615,15730.641,2896
H,4618,15735.153,2897
L,4566,15739.257,2898
H,4621,15743.77,2899
H,4624,15747.873,2900
L,4571,15751.976,2901
H,4627,15756.487,2902
L,4572,15760.593,2903
H,4630,15765.106,2904
H,4633,15769.209,2905
H,4636,15773.722,2906
H,4639,15777.825,2907
L,4575,15782.337,2908
H,4642,15786.44,2909
H,4645,15790.954,2910
L,4577,15795.057,2911
H,4648,15799.568,2912
H,4651,15803.674,2913
L,4580,15808.186,2914
H,4654,15812.293,2915
H,4657,15816.395,2916
L,4583,15820.907,2917
H,4660,15825.01,2918
H,4663,15829.522,2919
H,4666,15833.627,2920
L,4586,15838.138,2921
H,4669,15842.242,2922
H,4672,15846.753,2923
L,4589,15850.858,2924
H,4675,15855.374,2925
H,4678,15859.473,2926
L,4590,15863.986,2927
H,4681,15868.09,2928
H,4684,15872.603,2929
L,4593,15876.7,2930
H,4687,15880.811,2931
H,4690,15885.323,2932
L,4596,15889.426,2933
H,4693,15893.94,2934
H,4696,15898.041,2935
L,4599,15902.623,2936
H,4699,15907.135,2937
H,4702,15911.24,2938
H,4705,15915.751,2939
L,4604,15919.852,2940
H,4708,15924.364,2941
H,4711,15928.471,2942
L,4608,15932.982,2943
H,4714,15937.087,2944
H,4717,15941.601,2945
L,4617,15945.702,2946
H,4720,15950.214,2947
H,4723,15954.319,2948
L,4623,15958.832,2949
H,4726,15962.934,2950
H,4729,15967.448,2951
L,4629,15971.551,2952
H,4732,15975.658,2953
H,4735,15980.167,2954
L,4634,15984.272,2955
H,4738,15988.777,2956
H,4741,15992.886,2957
L,4644,15997.399,2958
H,4744,16001.502,2959
H,4747,16006.014,2960
H,4750,16010.12,2961
L,4650,16014.631,2962
H,4753,16018.742,2963
H,4756,16023.248,2964
L,4656,16027.351,2965
H,4759,16031.863,2966
H,4762,16035.966,2967
L,4664,16040.072,2968
H,4765,16044.584,2969
H,4768,16048.688,2970
L,4671,16053.2,2971
H,4771,16057.304,2972
H,4774,16061.816,2973
L,4677,16065.92,2974
H,4777,16070.433,2975
H,4780,16074.534,2976
H,4783,16079.047,2977
L,4683,16083.151,2978
H,4786,16087.664,2979
H,4789,16091.767,2980
L,4689,16096.279,2981
H,4792,16100.385,2982
H,4795,16104.487,2983
L,4695,16109.005,2984
H,4798,16113.103,2985
H,4801,16117.616,2986
L,4701,16121.722,2987
H,4804,16126.234,2988
H,4807,16130.337,2989
L,4710,16134.849,2990
H,4810,16138.953,2991
H,4813,16143.464,2992
H,4816,16147.569,2993
L,4716,16152.08,2994
H,4819,16156.185,2995
H,4822,16160.696,2996
L,4722,16164.793,2997
H,4825,16168.904,2998
H,4828,16173.417,2999
L,4728,16177.521,3000
H,4831,16182.034,3001
H,4834,16186.142,3002
L,4734,16190.65,3003
H,4837,16194.753,3004
H,4840,16199.264,3005
H,4843,16203.369,3006
L,4740,16207.88,3007
H,4846,16211.986,3008
H,4849,16216.497,3009
L,4748,16220.602,3010
H,4852,16225.114,3011
H,4855,16229.218,3012
L,4755,16233.729,3013
H,4858,16237.834,3014
H,4861,16241.938,3015
L,4761,16246.45,3016
H,4864,16250.555,3017
H,4867,16255.067,3018
H,4870,16259.169,3019
L,4767,16263.681,3020
H,4873,16267.787,3021
H,4876,16272.298,3022
L,4773,16276.402,3023
H,4879,16280.913,3024
H,4882,16284.993,3025
L,4779,16289.508,3026
H,4885,16293.613,3027
H,4888,16298.126,3028
H,4891,16302.228,3029
L,4788,16306.333,3030
H,4894,16310.845,3031
H,4897,16314.952,3032
L,4794,16319.463,3033
H,4900,16323.566,3034
H,4903,16328.081,3035
L,4800,16332.183,3036
H,4906,16336.698,3037
H,4909,16340.802,3038
L,4806,16345.315,3039
H,4912,16349.418,3040
H,4915,16353.932,3041
L,4814,16358.035,3042
H,4918,16362.55,3043
H,4921,16366.655,3044
L,4821,16370.758,3045
H,4924,16375.271,3046
H,4927,16379.374,3047
L,4827,16383.88,3048
H,4930,16387.988,3049
L,4833,16392.499,3050
H,4933,16396.602,3051
H,4936,16401.115,3052
L,4841,16405.219,3053
H,4939,16409.731,3054
L,4848,16413.835,3055
H,4942,16418.35,3056
L,4854,16422.455,3057
H,4945,16426.968,3058
L,4860,16431.071,3059
H,4948,16435.176,3060
L,4868,16439.671,3061
H,4951,16443.776,3062
L,4875,16448.299,3063
H,4954,16452.404,3064
L,4881,16456.916,3065
L,4887,16461.019,3066
H,4957,16465.53,3067
L,4896,16469.635,3068
H,4960,16474.151,3069
L,4902,16478.253,3070
H,4963,16482.767,3071
L,4907,16486.873,3072
L,4914,16491.384,3073
H,4966,16495.489,3074
H,4969,16499.98,3075
L,4920,16504.083,3076
H,4972,16508.186,3077
L,4925,16512.698,3078
H,4975,16516.802,3079
L,4932,16521.315,3080
H,4978,16525.424,3081
L,4935,16529.93,3082
H,4981,16534.035,3083
L,4940,16538.547,3084
H,4984,16542.649,3085
L,4943,16547.163,3086
H,4987,16551.272,3087
L,4946,16555.793,3088
H,4990,16559.894,3089
L,4949,16564.407,3090
H,4993,16568.511,3091
L,4952,16572.614,3092
H,4996,16577.128,3093
L,4955,16581.232,3094
H,4999,16585.744,3095
L,4958,16589.85,3096
H,5002,16594.362,3097
L,4959,16598.464,3098
L,4961,16602.977,3099
H,5005,16607.081,3100
L,4964,16611.593,3101
H,5008,16615.697,3102
L,4967,16620.208,3103
L,4968,16624.312,3104
H,5011,16628.825,3105
L,4974,16632.93,3106
H,5014,16637.036,3107
L,4977,16641.546,3108
L,4979,16645.655,3109
H,5017,16650.166,3110
L,4983,16654.27,3111
H,5020,16658.784,3112
L,4986,16662.888,3113
L,4989,16667.398,3114
H,5023,16671.505,3115
L,4992,16676.017,3116
H,5026,16680.121,3117
L,4995,16684.633,3118
L,4997,16688.737,3119
H,5029,16693.25,3120
L,5000,16697.354,3121
H,5032,16701.452,3122
L,5003,16705.971,3123
L,5006,16710.078,3124
H,5035,16714.588,3125
H,5038,16718.672,3126
L,5007,16723.186,3127
H,5041,16727.287,3128
L,5009,16731.807,3129
H,5044,16735.912,3130
L,5012,16740.426,3131
H,5047,16744.53,3132
L,5013,16749.042,3133
H,5050,16753.148,3134
L,5015,16757.66,3135
H,5053,16761.764,3136
L,5018,16766.273,3137
H,5056,16770.376,3138
H,5059,16774.473,3139
L,5019,16778.983,3140
H,5062,16783.099,3141
L,5021,16787.604,3142
H,5065,16791.711,3143
H,5068,16796.212,3144
L,5024,16800.329,3145
H,5071,16804.842,3146
L,5025,16808.946,3147
H,5074,16813.481,3148
L,5027,16817.584,3149
H,5077,16822.084,3150
H,5080,16826.199,3151
L,5030,16830.698,3152
H,5083,16834.816,3153
L,5031,16838.92,3154
H,5086,16843.435,3155
L,5033,16847.537,3156
H,5089,16852.048,3157
H,5092,16856.152,3158
L,5036,16860.664,3159
H,5095,16864.77,3160
H,5098,16869.28,3161
L,5037,16873.385,3162
H,5101,16877.897,3163
L,5042,16882.001,3164
H,5104,16886.514,3165
H,5107,16890.615,3166
L,5045,16895.127,3167
L,5048,16899.232,3168
H,5110,16903.337,3169
L,5052,16907.849,3170
H,5113,16911.952,3171
L,5055,16916.464,3172
H,5116,16920.569,3173
H,5119,16925.081,3174
L,5058,16929.185,3175
H,5122,16933.699,3176
L,5063,16937.801,3177
H,5125,16942.313,3178
L,5067,16946.417,3179
H,5128,16950.931,3180
L,5072,16955.034,3181
H,5131,16959.546,3182
L,5075,16963.649,3183
H,5134,16967.753,3184
L,5079,16972.266,3185
H,5137,16976.37,3186
L,5084,16980.883,3187
H,5140,16984.992,3188
H,5143,16989.499,3189
L,5087,16993.602,3190
H,5146,16998.114,3191
L,5091,17002.219,3192
H,5149,17006.73,3193
L,5097,17010.835,3194
H,5152,17015.347,3195
H,5155,17019.45,3196
L,5102,17023.962,3197
H,5158,17028.067,3198
H,5161,17032.577,3199
L,5106,17036.683,3200
H,5164,17040.787,3201
H,5167,17045.298,3202
L,5111,17049.403,3203
H,5170,17053.915,3204
H,5173,17058.017,3205
L,5112,17062.529,3206
H,5176,17066.634,3207
L,5115,17071.151,3208
H,5179,17075.253,3209
L,5118,17079.764,3210
H,5182,17083.867,3211
H,5185,17088.378,3212
L,5123,17092.483,3213
H,5188,17096.995,3214
L,5126,17101.099,3215
H,5191,17105.203,3216
L,5129,17109.714,3217
H,5194,17113.818,3218
L,5132,17118.334,3219
H,5197,17122.436,3220
L,5135,17126.949,3221
H,5200,17131.051,3222
L,5138,17135.562,3223
H,5203,17139.667,3224
H,5206,17144.178,3225
L,5142,17148.284,3226
H,5209,17152.796,3227
L,5147,17156.899,3228
H,5212,17161.412,3229
L,5150,17165.516,3230
H,5215,17169.619,3231
H,5218,17174.131,3232
L,5154,17178.237,3233
H,5221,17182.748,3234
L,5160,17186.852,3235
H,5224,17191.363,3236
L,5166,17195.472,3237
H,5227,17199.978,3238
L,5172,17204.085,3239
H,5230,17208.597,3240
L,5177,17212.7,3241
H,5233,17217.212,3242
H,5236,17221.317,3243
L,5181,17225.829,3244
H,5239,17229.931,3245
L,5184,17234.036,3246
H,5242,17238.55,3247
L,5189,17242.657,3248
H,5245,17247.167,3249
L,5192,17251.269,3250
H,5248,17255.782,3251
H,5251,17259.885,3252
L,5195,17264.399,3253
H,5254,17268.501,3254
L,5199,17273.013,3255
H,5257,17277.118,3256
L,5202,17281.631,3257
H,5260,17285.734,3258
H,5263,17290.245,3259
L,5205,17294.352,3260
H,5266,17298.864,3261
H,5269,17302.966,3262
L,5210,17307.069,3263
H,5272,17311.582,3264
L,5214,17315.686,3265
H,5275,17320.198,3266
L,5217,17324.304,3267
H,5278,17328.818,3268
H,5281,17332.918,3269
L,5222,17337.43,3270
H,5284,17341.534,3271
L,5225,17346.047,3272
H,5287,17350.151,3273
H,5290,17354.665,3274
H,5293,17358.767,3275
L,5228,17363.279,3276
H,5296,17367.383,3277
